{"best_AP": 28.70862269521671, "_step": 75, "normal_loss": 3.043928623199463, "total_loss": 3.208200216293335, "_timestamp": 1729447845.091605, "AUC": 81.6090829534583, "AP": 22.794459835316534, "mpp_loss": 0.1642715334892273, "best_AUC": 83.31639186295962, "_runtime": 1886.219353}